<assembly xmlns="http://maven.apache.org/plugins/maven-assembly-plugin/assembly/1.1.2" xmlns:xsi="http://www.w3.org/2001/XMLSchema-instance"
		  xsi:schemaLocation="http://maven.apache.org/plugins/maven-assembly-plugin/assembly/1.1.2 http://maven.apache.org/xsd/assembly-1.1.2.xsd">
	<id>bin</id>
	<fileSets>
		<fileSet>
			<directory>${project.basedir}/scripts</directory>
			<outputDirectory>./</outputDirectory>
			<fileMode>755</fileMode>
			<includes>
				<include>wait-for-it.sh</include>
				<include>start.sh</include>
			</includes>
		</fileSet>
		<fileSet>
			<directory>${project.basedir}/target</directory>
			<outputDirectory>./</outputDirectory>
			<includes>
				<include>tipple-service.jar</include>
			</includes>
		</fileSet>
	</fileSets>

</assembly>