[
  {
    "id": "23451e0c-6c74-44ca-8cb6-3c56fd601c30",
    "name": "Ananas",
    "url": "www.tipple.de/assets/ananas",
    "price": 1.43
  },
  {
    "id": "8b44960a-9a30-4a59-9a9c-1ff3e0efcdcc",
    "name": "Apfel",
    "url": "www.tipple.de/assets/apfel",
    "price": 2.43
  },
  {
    "id": "238c1e08-3d94-4496-b52f-0594b8aeabb2",
    "name": "Avocado",
    "url": "www.tipple.de/assets/avocado",
    "price": 0.99
  },
  {
    "id": "d7574bd0-6765-4371-816f-6554c4328873",
    "name": "Birne",
    "url": "www.tipple.de/assets/birne",
    "price": 2.99
  },
  {
    "id": "e956951e-edfe-4144-8ed3-50212a79d372",
    "name": "Banane",
    "url": "www.tipple.de/assets/banane",
    "price": 0.99
  },
  {
    "id": "b77270dc-e66f-41ab-b442-45002421781c",
    "name": "Erdbeere",
    "url": "www.tipple.de/assets/erdbeere",
    "price": 3.43
  },
  {
    "id": "5a2e2591-4faf-4814-a47f-1a008097ebdd",
    "name": "Karotte",
    "url": "www.tipple.de/assets/karotte",
    "price": 2.43
  },
  {
    "id": "2201543e-df60-4b55-b357-b4ddb983c6f6",
    "name": "Kiwi",
    "url": "www.tipple.de/assets/kiwi",
    "price": 0.99
  },
  {
    "id": "95ded646-cc59-4e99-993b-bf173c4690e6",
    "name": "Kokosnuss",
    "url": "www.tipple.de/assets/kokosnuss",
    "price": 2.99
  },
  {
    "id": "8a012753-1941-4bf7-a6f1-9111272493d5",
    "name": "Mango",
    "url": "www.tipple.de/assets/mango",
    "price": 2.99
  },
  {
    "id": "340f8a20-de5f-4a59-8d5a-58d4a96f4542",
    "name": "Orange",
    "url": "www.tipple.de/assets/orange",
    "price": 1.43
  },
  {
    "id": "ee6148a2-9474-4943-b4da-b0820b7f5f9f",
    "name": "Tomate",
    "url": "www.tipple.de/assets/tomate",
    "price": 3.43
  },
  {
    "id": "a09d3765-f211-4e74-a325-b471700a5b6e",
    "name": "Wassermelone",
    "url": "www.tipple.de/assets/wassermelone",
    "price": 3.43
  },
  {
    "id": "0d3ed90d-9eac-4208-be53-d81c60fdc42c",
    "name": "Weintraube",
    "url": "www.tipple.de/assets/weintraube",
    "price": 2.43
  },
  {
    "id": "2e0cc913-868a-48be-a8fe-11d52f9aa347",
    "name": "Zitrone",
    "url": "www.tipple.de/assets/zitrone",
    "price": 2.43
  }
]