[
  {
    "id": "6a74bd99-49e0-44ac-be58-4b465405523e",
    "firstName": "John Luca",
    "lastName": "Maack",
    "gender": "M",
    "email": "john@tipple.de",
    "password": "12345678",
    "address": {
      "street": "Main Str.",
      "houseNumber": "43C",
      "zipCode": 22304,
      "town": "Köln"
    }
  },
  {
    "id": "20815471-a164-4566-bb67-bbb6f1913c02",
    "firstName": "Toni",
    "lastName": "Fiebiger",
    "gender": "M",
    "email": "toni@tipple.de",
    "password": "12345678",
    "address": {
      "street": "Schmidt Str.",
      "houseNumber": "322",
      "zipCode": 22304,
      "town": "Berlin"
    }
  },
  {
    "id": "49c935bb-d18a-4c96-a616-563c38f87ed0",
    "firstName": "Lars",
    "lastName": "Newrzella",
    "gender": "M",
    "email": "lars@tipple.de",
    "password": "12345678",
    "address": {
      "street": "Mueller Str.",
      "houseNumber": "343",
      "zipCode": 22304,
      "town": "Hamburg"
    }
  },
  {
    "id": "75b7b308-1812-4060-b396-b1e2740edafb",
    "firstName": "Leandro",
    "lastName": "Marine",
    "gender": "M",
    "email": "leandro@tipple.de",
    "password": "12345678",
    "address": {
      "street": "Alton Str.",
      "houseNumber": "89",
      "zipCode": 22304,
      "town": "Hamburg"
    }
  },
  {
    "id": "22d83b7d-ccc7-4a81-97e7-0a3b1a6fbcb5",
    "firstName": "Mohamed",
    "lastName": "Omar Ahmed",
    "gender": "M",
    "email": "mohamed@tipple.de",
    "password": "12345678",
    "address": {
      "street": "Mai Str.",
      "houseNumber": "56A",
      "zipCode": 22304,
      "town": "Kiel"
    }
  }
]